Timestamp,Temperature_Celsius,Humidity_Percentage,Water_Detected,MCB_Trip
2025-01-01 00:00:00,31.69,75.68,0,NO
2025-01-01 01:00:00,29.56,72.23,0,YES
2025-01-01 02:00:00,34.45,64.92,0,NO
2025-01-01 03:00:00,36.16,48.73,0,NO
2025-01-01 04:00:00,29.15,63.52,0,NO
2025-01-01 05:00:00,28.85,67.8,1,YES
2025-01-01 06:00:00,36.47,68.54,0,NO
2025-01-01 07:00:00,34.33,67.0,1,NO
2025-01-01 08:00:00,26.75,72.13,0,YES
2025-01-01 09:00:00,32.66,56.44,0,NO
2025-01-01 10:00:00,26.01,77.49,0,NO
2025-01-01 11:00:00,27.51,66.95,0,NO
2025-01-01 12:00:00,30.44,82.95,0,YES
2025-01-01 13:00:00,21.72,50.98,0,NO
2025-01-01 14:00:00,19.6,81.16,0,YES
2025-01-01 15:00:00,26.86,57.47,0,NO
2025-01-01 16:00:00,24.77,50.8,0,NO
2025-01-01 17:00:00,32.47,59.13,0,YES
2025-01-01 18:00:00,25.76,54.36,0,NO
2025-01-01 19:00:00,23.61,61.45,0,NO
2025-01-01 20:00:00,38.44,61.61,0,NO
2025-01-01 21:00:00,30.32,57.85,1,NO
2025-01-01 22:00:00,29.59,59.76,0,NO
2025-01-01 23:00:00,23.03,83.17,1,YES
2025-01-02 00:00:00,28.64,74.67,0,NO
2025-01-02 01:00:00,32.51,66.94,0,NO
2025-01-02 02:00:00,25.8,62.98,0,NO
2025-01-02 03:00:00,31.36,59.33,0,YES
2025-01-02 04:00:00,25.78,65.24,1,YES
2025-01-02 05:00:00,28.5,46.87,0,NO
2025-01-02 06:00:00,27.96,62.19,0,NO
2025-01-02 07:00:00,39.23,44.77,0,NO
2025-01-02 08:00:00,29.87,68.34,0,YES
2025-01-02 09:00:00,26.06,64.51,1,YES
2025-01-02 10:00:00,33.56,57.99,0,NO
2025-01-02 11:00:00,25.33,78.4,0,NO
2025-01-02 12:00:00,30.67,49.66,0,NO
2025-01-02 13:00:00,19.51,50.01,0,YES
2025-01-02 14:00:00,23.18,61.18,0,NO
2025-01-02 15:00:00,32.03,66.78,0,NO
2025-01-02 16:00:00,32.2,78.56,0,NO
2025-01-02 17:00:00,29.64,57.7,0,NO
2025-01-02 18:00:00,31.23,71.54,0,NO
2025-01-02 19:00:00,27.2,56.68,0,NO
2025-01-02 20:00:00,22.88,58.32,0,YES
2025-01-02 21:00:00,26.72,66.96,0,NO
2025-01-02 22:00:00,27.66,65.8,0,NO
2025-01-02 23:00:00,35.86,45.69,0,NO
2025-01-03 00:00:00,30.64,77.22,0,NO
2025-01-03 01:00:00,21.4,71.12,0,NO
2025-01-03 02:00:00,31.11,52.8,0,NO
2025-01-03 03:00:00,28.72,61.65,0,NO
2025-01-03 04:00:00,25.18,61.93,0,NO
2025-01-03 05:00:00,33.34,65.44,0,NO
2025-01-03 06:00:00,33.9,58.59,0,YES
2025-01-03 07:00:00,33.77,51.99,0,NO
2025-01-03 08:00:00,24.68,62.26,0,YES
2025-01-03 09:00:00,27.19,75.7,0,NO
2025-01-03 10:00:00,32.96,68.9,0,NO
2025-01-03 11:00:00,34.02,53.12,0,NO
2025-01-03 12:00:00,29.31,72.28,0,NO
2025-01-03 13:00:00,30.95,30.28,0,NO
2025-01-03 14:00:00,24.75,69.88,0,YES
2025-01-03 15:00:00,22.59,38.23,0,NO
2025-01-03 16:00:00,33.56,56.24,0,NO
2025-01-03 17:00:00,37.97,44.89,0,NO
2025-01-03 18:00:00,29.11,44.54,0,NO
2025-01-03 19:00:00,33.37,69.78,0,NO
2025-01-03 20:00:00,32.04,58.41,0,NO
2025-01-03 21:00:00,28.15,67.22,0,NO
2025-01-03 22:00:00,32.99,57.56,0,NO
2025-01-03 23:00:00,36.39,68.36,0,YES
2025-01-04 00:00:00,30.51,64.34,0,YES
2025-01-04 01:00:00,36.71,49.82,1,NO
2025-01-04 02:00:00,15.77,66.43,0,NO
2025-01-04 03:00:00,35.61,56.97,1,NO
2025-01-04 04:00:00,29.43,48.88,0,YES
2025-01-04 05:00:00,27.56,57.54,1,NO
2025-01-04 06:00:00,28.46,73.32,0,NO
2025-01-04 07:00:00,21.54,68.51,0,NO
2025-01-04 08:00:00,30.07,57.97,0,NO
2025-01-04 09:00:00,32.29,56.61,0,YES
2025-01-04 10:00:00,38.39,52.98,0,NO
2025-01-04 11:00:00,26.02,78.89,0,NO
2025-01-04 12:00:00,25.79,66.84,0,YES
2025-01-04 13:00:00,26.9,67.91,0,YES
2025-01-04 14:00:00,32.95,66.68,0,YES
2025-01-04 15:00:00,31.59,66.91,0,YES
2025-01-04 16:00:00,29.03,55.7,1,YES
2025-01-04 17:00:00,30.73,59.66,0,NO
2025-01-04 18:00:00,29.65,61.8,1,YES
2025-01-04 19:00:00,33.67,62.75,0,YES
2025-01-04 20:00:00,25.44,71.73,0,NO
2025-01-04 21:00:00,30.0,58.65,0,NO
2025-01-04 22:00:00,27.91,70.91,0,NO
2025-01-04 23:00:00,22.55,55.51,0,NO
2025-01-05 00:00:00,32.52,62.84,0,NO
2025-01-05 01:00:00,29.92,42.44,0,NO
2025-01-05 02:00:00,29.97,70.94,1,YES
2025-01-05 03:00:00,28.55,60.99,0,NO
2025-01-05 04:00:00,23.31,73.71,0,NO
2025-01-05 05:00:00,29.9,27.73,0,NO
2025-01-05 06:00:00,29.36,76.42,0,NO
2025-01-05 07:00:00,25.58,60.78,0,NO
2025-01-05 08:00:00,30.5,70.84,0,NO
2025-01-05 09:00:00,30.7,53.09,0,NO
2025-01-05 10:00:00,37.55,64.96,0,YES
2025-01-05 11:00:00,29.69,46.15,0,YES
2025-01-05 12:00:00,30.65,57.13,0,NO
2025-01-05 13:00:00,29.67,79.63,1,NO
2025-01-05 14:00:00,20.87,54.99,0,NO
2025-01-05 15:00:00,31.51,64.38,0,NO
2025-01-05 16:00:00,30.34,68.81,0,YES
2025-01-05 17:00:00,42.32,66.0,1,YES
2025-01-05 18:00:00,27.24,61.11,0,NO
2025-01-05 19:00:00,29.65,66.94,0,NO
2025-01-05 20:00:00,30.03,87.33,0,YES
2025-01-05 21:00:00,23.91,61.52,0,NO
2025-01-05 22:00:00,37.07,58.07,0,NO
2025-01-05 23:00:00,32.4,73.9,0,NO
2025-01-06 00:00:00,32.06,72.77,0,YES
2025-01-06 01:00:00,25.25,73.84,0,NO
2025-01-06 02:00:00,35.96,65.02,0,NO
2025-01-06 03:00:00,21.19,52.36,0,NO
2025-01-06 04:00:00,33.83,78.59,0,NO
2025-01-06 05:00:00,39.4,44.66,0,NO
2025-01-06 06:00:00,25.48,62.1,1,NO
2025-01-06 07:00:00,26.29,56.32,0,YES
2025-01-06 08:00:00,29.19,54.83,0,NO
2025-01-06 09:00:00,27.0,67.9,0,YES
2025-01-06 10:00:00,23.45,65.01,0,NO
2025-01-06 11:00:00,29.91,65.53,0,YES
2025-01-06 12:00:00,25.69,73.84,0,NO
2025-01-06 13:00:00,30.87,62.02,0,NO
2025-01-06 14:00:00,26.49,61.98,0,NO
2025-01-06 15:00:00,36.7,67.62,0,NO
2025-01-06 16:00:00,26.79,74.65,0,YES
2025-01-06 17:00:00,28.65,46.66,0,NO
2025-01-06 18:00:00,35.78,62.37,0,NO
2025-01-06 19:00:00,23.39,62.12,0,NO
2025-01-06 20:00:00,29.4,57.47,0,YES
2025-01-06 21:00:00,34.61,78.51,0,NO
2025-01-06 22:00:00,23.27,57.19,0,NO
2025-01-06 23:00:00,31.02,59.83,0,YES
2025-01-07 00:00:00,32.4,56.71,0,NO
2025-01-07 01:00:00,32.85,60.36,0,NO
2025-01-07 02:00:00,23.2,48.44,1,NO
2025-01-07 03:00:00,21.52,49.4,0,NO
2025-01-07 04:00:00,34.46,76.0,0,NO
2025-01-07 05:00:00,32.16,51.61,0,NO
2025-01-07 06:00:00,32.99,46.47,0,NO
2025-01-07 07:00:00,30.79,43.29,0,NO
2025-01-07 08:00:00,27.05,51.11,0,NO
2025-01-07 09:00:00,31.88,42.5,1,YES
2025-01-07 10:00:00,30.74,78.05,0,NO
2025-01-07 11:00:00,27.82,71.05,0,NO
2025-01-07 12:00:00,41.12,52.27,0,NO
2025-01-07 13:00:00,33.91,81.75,0,YES
2025-01-07 14:00:00,25.0,72.67,0,NO
2025-01-07 15:00:00,32.39,53.71,0,YES
2025-01-07 16:00:00,24.25,38.21,0,NO
2025-01-07 17:00:00,35.79,84.4,0,NO
2025-01-07 18:00:00,33.83,45.29,0,YES
2025-01-07 19:00:00,26.76,43.13,0,NO
2025-01-07 20:00:00,35.64,67.79,0,NO
2025-01-07 21:00:00,32.55,86.92,0,NO
2025-01-07 22:00:00,36.07,73.97,0,NO
2025-01-07 23:00:00,38.73,63.85,0,NO
2025-01-08 00:00:00,28.13,66.91,0,YES
2025-01-08 01:00:00,24.55,73.49,1,YES
2025-01-08 02:00:00,25.32,66.94,0,YES
2025-01-08 03:00:00,24.97,67.02,0,YES
2025-01-08 04:00:00,28.99,59.49,1,YES
2025-01-08 05:00:00,33.04,54.92,0,NO
2025-01-08 06:00:00,33.13,49.5,0,NO
2025-01-08 07:00:00,32.88,56.38,0,YES
2025-01-08 08:00:00,29.56,40.27,0,YES
2025-01-08 09:00:00,38.98,54.02,0,NO
2025-01-08 10:00:00,26.92,54.26,0,YES
2025-01-08 11:00:00,41.97,52.4,0,YES
2025-01-08 12:00:00,31.78,64.22,0,YES
2025-01-08 13:00:00,26.1,70.6,0,NO
2025-01-08 14:00:00,23.25,65.39,0,NO
2025-01-08 15:00:00,34.28,39.97,0,NO
2025-01-08 16:00:00,28.67,52.34,0,NO
2025-01-08 17:00:00,33.58,73.7,1,YES
2025-01-08 18:00:00,31.35,49.48,1,YES
2025-01-08 19:00:00,29.52,53.95,0,NO
2025-01-08 20:00:00,26.41,65.62,1,YES
2025-01-08 21:00:00,23.43,48.8,0,NO
2025-01-08 22:00:00,28.78,59.8,1,YES
2025-01-08 23:00:00,34.59,47.87,0,NO
2025-01-09 00:00:00,32.69,56.17,0,NO
2025-01-09 01:00:00,25.04,59.3,0,NO
2025-01-09 02:00:00,31.89,39.43,0,NO
2025-01-09 03:00:00,30.15,69.35,0,NO
2025-01-09 04:00:00,23.61,57.13,0,YES
2025-01-09 05:00:00,29.62,61.06,0,NO
2025-01-09 06:00:00,30.95,59.14,0,NO
2025-01-09 07:00:00,23.93,69.03,0,NO
2025-01-09 08:00:00,31.4,60.17,0,NO
2025-01-09 09:00:00,34.34,58.73,0,NO
2025-01-09 10:00:00,37.0,59.64,0,NO
2025-01-09 11:00:00,36.91,64.87,0,NO
2025-01-09 12:00:00,22.37,62.24,0,YES
2025-01-09 13:00:00,26.08,60.49,0,NO
2025-01-09 14:00:00,31.66,56.59,1,NO
2025-01-09 15:00:00,31.33,57.03,0,NO
2025-01-09 16:00:00,31.31,41.07,0,NO
2025-01-09 17:00:00,48.63,80.28,1,YES
2025-01-09 18:00:00,32.57,47.17,0,NO
2025-01-09 19:00:00,37.0,57.96,0,NO
2025-01-09 20:00:00,33.25,52.65,0,NO
2025-01-09 21:00:00,34.2,73.82,0,NO
2025-01-09 22:00:00,28.55,59.6,0,NO
2025-01-09 23:00:00,32.95,69.96,0,YES
2025-01-10 00:00:00,26.11,53.65,0,NO
2025-01-10 01:00:00,28.02,67.71,1,NO
2025-01-10 02:00:00,27.96,55.22,0,NO
2025-01-10 03:00:00,30.14,77.43,0,YES
2025-01-10 04:00:00,40.23,50.19,0,YES
2025-01-10 05:00:00,19.13,61.55,0,NO
2025-01-10 06:00:00,33.62,61.41,0,NO
2025-01-10 07:00:00,23.55,63.17,0,NO
2025-01-10 08:00:00,27.02,55.49,0,NO
2025-01-10 09:00:00,36.38,61.89,0,NO
2025-01-10 10:00:00,30.96,58.81,0,YES
2025-01-10 11:00:00,26.34,61.81,0,NO
2025-01-10 12:00:00,27.71,64.64,0,NO
2025-01-10 13:00:00,33.66,80.18,0,YES
2025-01-10 14:00:00,26.98,51.84,0,NO
2025-01-10 15:00:00,32.68,43.64,0,NO
2025-01-10 16:00:00,29.83,54.8,0,NO
2025-01-10 17:00:00,26.05,82.67,0,YES
2025-01-10 18:00:00,38.76,52.52,1,YES
2025-01-10 19:00:00,34.48,74.3,0,YES
2025-01-10 20:00:00,21.08,75.95,1,YES
2025-01-10 21:00:00,29.35,53.23,0,NO
2025-01-10 22:00:00,27.0,69.45,1,YES
2025-01-10 23:00:00,34.12,80.34,0,NO
2025-01-11 00:00:00,24.51,56.14,1,NO
2025-01-11 01:00:00,31.35,56.27,1,YES
2025-01-11 02:00:00,31.38,50.25,0,NO
2025-01-11 03:00:00,32.6,54.39,1,YES
2025-01-11 04:00:00,24.38,49.11,0,NO
2025-01-11 05:00:00,29.28,45.74,0,NO
2025-01-11 06:00:00,25.76,58.32,0,NO
2025-01-11 07:00:00,27.37,50.5,0,NO
2025-01-11 08:00:00,38.96,58.98,0,YES
2025-01-11 09:00:00,30.44,47.27,0,NO
2025-01-11 10:00:00,22.39,59.53,1,NO
2025-01-11 11:00:00,34.86,69.68,0,YES
2025-01-11 12:00:00,39.8,36.3,0,NO
2025-01-11 13:00:00,36.92,59.45,1,YES
2025-01-11 14:00:00,23.68,76.37,1,YES
2025-01-11 15:00:00,29.51,44.8,1,NO
2025-01-11 16:00:00,35.37,79.94,0,NO
2025-01-11 17:00:00,28.34,64.64,1,YES
2025-01-11 18:00:00,31.94,48.73,0,NO
2025-01-11 19:00:00,33.26,64.0,0,NO
2025-01-11 20:00:00,23.57,63.05,0,NO
2025-01-11 21:00:00,27.91,64.36,0,NO
2025-01-11 22:00:00,14.56,62.08,0,YES
2025-01-11 23:00:00,24.71,54.33,0,NO
2025-01-12 00:00:00,27.64,56.83,0,NO
2025-01-12 01:00:00,24.22,45.98,0,NO
2025-01-12 02:00:00,37.17,61.58,0,YES
2025-01-12 03:00:00,23.16,55.31,0,YES
2025-01-12 04:00:00,27.24,56.74,0,YES
2025-01-12 05:00:00,31.95,75.56,0,NO
2025-01-12 06:00:00,38.49,74.8,0,NO
2025-01-12 07:00:00,22.73,63.08,0,NO
2025-01-12 08:00:00,35.22,46.92,1,NO
2025-01-12 09:00:00,29.5,54.73,0,NO
2025-01-12 10:00:00,26.32,70.9,0,NO
2025-01-12 11:00:00,31.62,60.35,0,NO
2025-01-12 12:00:00,29.83,83.64,0,YES
2025-01-12 13:00:00,25.34,60.53,0,NO
2025-01-12 14:00:00,30.22,63.83,0,NO
2025-01-12 15:00:00,28.0,53.58,0,YES
2025-01-12 16:00:00,31.93,59.44,0,NO
2025-01-12 17:00:00,32.2,58.51,0,NO
2025-01-12 18:00:00,37.45,70.05,0,NO
2025-01-12 19:00:00,25.04,71.96,0,NO
2025-01-12 20:00:00,41.96,53.6,0,NO
2025-01-12 21:00:00,19.78,43.25,0,NO
2025-01-12 22:00:00,29.08,42.11,0,NO
2025-01-12 23:00:00,32.15,60.95,1,YES
2025-01-13 00:00:00,33.14,47.74,1,NO
2025-01-13 01:00:00,25.36,37.61,0,NO
2025-01-13 02:00:00,30.69,59.28,0,NO
2025-01-13 03:00:00,28.27,82.67,0,YES
2025-01-13 04:00:00,27.18,64.5,0,NO
2025-01-13 05:00:00,32.38,72.92,0,YES
2025-01-13 06:00:00,31.69,59.34,1,YES
2025-01-13 07:00:00,26.17,54.44,1,YES
2025-01-13 08:00:00,33.14,65.98,0,NO
2025-01-13 09:00:00,32.16,56.02,0,NO
2025-01-13 10:00:00,35.95,67.15,0,NO
2025-01-13 11:00:00,33.4,59.63,0,NO
2025-01-13 12:00:00,26.71,55.95,0,NO
2025-01-13 13:00:00,25.47,66.01,0,NO
2025-01-13 14:00:00,33.41,63.06,0,YES
2025-01-13 15:00:00,31.52,51.26,0,NO
2025-01-13 16:00:00,30.35,68.12,0,NO
2025-01-13 17:00:00,32.34,49.44,1,NO
2025-01-13 18:00:00,37.04,61.56,0,NO
2025-01-13 19:00:00,25.35,56.83,0,NO
2025-01-13 20:00:00,32.15,67.32,0,YES
2025-01-13 21:00:00,29.19,69.13,0,YES
2025-01-13 22:00:00,28.52,63.93,0,YES
2025-01-13 23:00:00,36.83,72.05,0,NO
2025-01-14 00:00:00,35.39,75.16,1,YES
2025-01-14 01:00:00,34.51,68.66,0,NO
2025-01-14 02:00:00,36.02,55.79,1,YES
2025-01-14 03:00:00,29.13,45.23,0,NO
2025-01-14 04:00:00,31.83,47.49,0,NO
2025-01-14 05:00:00,27.87,58.3,0,NO
2025-01-14 06:00:00,31.27,52.46,0,NO
2025-01-14 07:00:00,30.05,54.62,0,NO
2025-01-14 08:00:00,31.12,61.53,0,NO
2025-01-14 09:00:00,31.26,68.44,0,NO
2025-01-14 10:00:00,25.49,58.12,1,YES
2025-01-14 11:00:00,39.19,61.19,1,YES
2025-01-14 12:00:00,23.6,57.61,1,YES
2025-01-14 13:00:00,25.24,37.62,0,NO
2025-01-14 14:00:00,33.96,48.61,0,NO
2025-01-14 15:00:00,33.64,59.99,0,NO
2025-01-14 16:00:00,31.79,48.91,0,NO
2025-01-14 17:00:00,34.66,67.96,0,NO
2025-01-14 18:00:00,30.17,73.93,0,NO
2025-01-14 19:00:00,24.44,75.43,0,NO
2025-01-14 20:00:00,30.39,54.91,0,NO
2025-01-14 21:00:00,27.54,74.6,1,YES
2025-01-14 22:00:00,36.71,64.5,0,NO
2025-01-14 23:00:00,28.15,53.43,0,NO
2025-01-15 00:00:00,27.42,49.96,0,NO
2025-01-15 01:00:00,30.13,60.81,1,YES
2025-01-15 02:00:00,33.73,54.55,0,NO
2025-01-15 03:00:00,27.72,63.54,0,NO
2025-01-15 04:00:00,26.41,56.86,0,NO
2025-01-15 05:00:00,30.83,61.93,0,NO
2025-01-15 06:00:00,32.23,62.53,0,NO
2025-01-15 07:00:00,27.59,67.46,0,NO
2025-01-15 08:00:00,28.35,70.59,0,NO
2025-01-15 09:00:00,30.87,42.56,0,YES
2025-01-15 10:00:00,23.69,33.33,0,NO
2025-01-15 11:00:00,24.26,65.15,1,YES
2025-01-15 12:00:00,24.99,42.8,0,NO
2025-01-15 13:00:00,30.26,55.73,0,NO
2025-01-15 14:00:00,31.72,44.2,0,NO
2025-01-15 15:00:00,38.76,46.09,0,NO
2025-01-15 16:00:00,34.01,60.48,0,NO
2025-01-15 17:00:00,28.72,67.43,0,NO
2025-01-15 18:00:00,31.57,50.47,0,YES
2025-01-15 19:00:00,23.99,32.17,0,NO
2025-01-15 20:00:00,31.28,58.8,0,YES
2025-01-15 21:00:00,28.49,60.53,0,NO
2025-01-15 22:00:00,31.67,49.87,1,YES
2025-01-15 23:00:00,25.1,58.89,0,NO
2025-01-16 00:00:00,32.89,62.26,0,NO
2025-01-16 01:00:00,36.96,66.26,0,YES
2025-01-16 02:00:00,27.61,65.04,0,NO
2025-01-16 03:00:00,31.1,50.81,0,NO
2025-01-16 04:00:00,31.48,72.31,0,NO
2025-01-16 05:00:00,29.91,55.37,1,YES
2025-01-16 06:00:00,32.98,56.39,0,NO
2025-01-16 07:00:00,29.64,54.83,0,YES
2025-01-16 08:00:00,31.4,53.85,0,NO
2025-01-16 09:00:00,25.52,49.87,0,NO
2025-01-16 10:00:00,30.81,60.87,0,NO
2025-01-16 11:00:00,33.71,75.51,0,NO
2025-01-16 12:00:00,39.04,50.8,0,YES
2025-01-16 13:00:00,34.4,46.24,0,NO
2025-01-16 14:00:00,41.9,75.69,0,YES
2025-01-16 15:00:00,25.23,61.72,0,NO
2025-01-16 16:00:00,36.32,48.81,0,NO
2025-01-16 17:00:00,29.02,67.97,1,NO
2025-01-16 18:00:00,41.36,53.59,0,NO
2025-01-16 19:00:00,26.6,75.53,1,YES
2025-01-16 20:00:00,26.55,69.22,0,NO
2025-01-16 21:00:00,25.48,59.31,0,NO
2025-01-16 22:00:00,21.13,80.81,0,YES
2025-01-16 23:00:00,26.1,52.36,0,NO
2025-01-17 00:00:00,26.7,72.04,0,NO
2025-01-17 01:00:00,29.64,62.44,0,NO
2025-01-17 02:00:00,30.94,72.91,0,NO
2025-01-17 03:00:00,39.57,74.13,0,NO
2025-01-17 04:00:00,34.42,64.42,0,NO
2025-01-17 05:00:00,25.76,53.16,0,NO
2025-01-17 06:00:00,24.19,67.22,1,YES
2025-01-17 07:00:00,32.13,56.34,0,NO
2025-01-17 08:00:00,24.43,78.55,0,NO
2025-01-17 09:00:00,40.75,60.7,0,YES
2025-01-17 10:00:00,34.23,59.83,0,YES
2025-01-17 11:00:00,27.23,60.48,0,NO
2025-01-17 12:00:00,19.84,49.47,0,NO
2025-01-17 13:00:00,34.84,54.69,0,NO
2025-01-17 14:00:00,30.07,73.24,0,NO
2025-01-17 15:00:00,36.6,55.85,0,YES
2025-01-17 16:00:00,20.68,52.58,0,NO
2025-01-17 17:00:00,25.94,68.82,1,NO
2025-01-17 18:00:00,28.12,70.81,0,YES
2025-01-17 19:00:00,31.57,62.7,0,YES
2025-01-17 20:00:00,29.65,68.98,0,NO
2025-01-17 21:00:00,31.66,54.17,0,NO
2025-01-17 22:00:00,23.59,45.29,1,YES
2025-01-17 23:00:00,30.76,77.5,0,NO
2025-01-18 00:00:00,32.31,55.34,0,NO
2025-01-18 01:00:00,32.25,58.84,1,YES
2025-01-18 02:00:00,31.76,70.15,0,NO
2025-01-18 03:00:00,22.53,68.06,0,NO
2025-01-18 04:00:00,22.63,65.02,0,NO
2025-01-18 05:00:00,35.96,78.69,0,NO
2025-01-18 06:00:00,29.78,51.48,0,NO
2025-01-18 07:00:00,26.59,71.76,1,NO
2025-01-18 08:00:00,35.8,60.4,1,YES
2025-01-18 09:00:00,31.73,59.85,0,NO
2025-01-18 10:00:00,35.12,79.96,0,NO
2025-01-18 11:00:00,28.5,67.23,0,YES
2025-01-18 12:00:00,40.66,69.95,1,NO
2025-01-18 13:00:00,38.37,70.0,0,NO
2025-01-18 14:00:00,30.65,56.1,0,NO
2025-01-18 15:00:00,35.03,55.59,0,NO
2025-01-18 16:00:00,32.33,49.8,0,NO
2025-01-18 17:00:00,37.68,42.41,0,NO
2025-01-18 18:00:00,24.26,78.08,0,NO
2025-01-18 19:00:00,35.05,48.44,0,NO
2025-01-18 20:00:00,34.79,54.02,0,YES
2025-01-18 21:00:00,21.41,54.29,0,YES
2025-01-18 22:00:00,22.29,58.08,0,NO
2025-01-18 23:00:00,19.51,63.55,1,YES
2025-01-19 00:00:00,29.98,73.38,0,NO
2025-01-19 01:00:00,34.81,51.59,0,YES
2025-01-19 02:00:00,36.41,59.96,0,NO
2025-01-19 03:00:00,29.27,66.22,0,YES
2025-01-19 04:00:00,39.41,58.02,0,YES
2025-01-19 05:00:00,24.82,72.6,1,YES
2025-01-19 06:00:00,19.86,67.19,0,NO
2025-01-19 07:00:00,29.52,68.35,0,NO
2025-01-19 08:00:00,31.27,68.94,0,NO
2025-01-19 09:00:00,31.32,74.43,1,NO
2025-01-19 10:00:00,18.0,66.56,0,YES
2025-01-19 11:00:00,28.4,47.77,0,NO
2025-01-19 12:00:00,24.49,62.41,0,NO
2025-01-19 13:00:00,31.55,54.97,0,NO
2025-01-19 14:00:00,31.8,50.4,0,YES
2025-01-19 15:00:00,25.07,69.84,1,YES
2025-01-19 16:00:00,26.77,68.58,0,NO
2025-01-19 17:00:00,24.28,58.49,0,NO
2025-01-19 18:00:00,29.81,66.25,0,NO
2025-01-19 19:00:00,33.42,78.0,1,YES
2025-01-19 20:00:00,25.36,61.34,0,NO
2025-01-19 21:00:00,33.74,85.75,0,YES
2025-01-19 22:00:00,28.39,69.2,0,NO
2025-01-19 23:00:00,24.65,40.79,0,NO
2025-01-20 00:00:00,28.06,71.23,0,YES
2025-01-20 01:00:00,23.9,59.69,0,NO
2025-01-20 02:00:00,26.68,75.67,1,YES
2025-01-20 03:00:00,23.64,70.21,0,YES
2025-01-20 04:00:00,40.54,55.43,0,YES
2025-01-20 05:00:00,28.4,47.06,0,NO
2025-01-20 06:00:00,24.64,54.56,0,NO
2025-01-20 07:00:00,30.64,53.56,0,NO
2025-01-20 08:00:00,30.23,54.55,0,NO
2025-01-20 09:00:00,27.67,67.24,0,NO
2025-01-20 10:00:00,33.64,73.66,0,NO
2025-01-20 11:00:00,32.83,61.06,0,NO
2025-01-20 12:00:00,28.89,43.46,0,YES
2025-01-20 13:00:00,28.7,62.67,0,NO
2025-01-20 14:00:00,27.81,72.56,0,NO
2025-01-20 15:00:00,17.41,57.48,0,YES
2025-01-20 16:00:00,22.07,60.33,0,NO
2025-01-20 17:00:00,35.8,59.5,0,NO
2025-01-20 18:00:00,38.91,56.68,0,NO
2025-01-20 19:00:00,30.06,68.68,0,YES
2025-01-20 20:00:00,33.58,63.09,0,YES
2025-01-20 21:00:00,32.85,64.47,0,NO
2025-01-20 22:00:00,44.98,48.71,1,NO
2025-01-20 23:00:00,34.22,51.15,0,YES
2025-01-21 00:00:00,30.31,69.48,0,NO
2025-01-21 01:00:00,24.66,52.48,0,YES
2025-01-21 02:00:00,22.65,75.3,0,NO
2025-01-21 03:00:00,30.1,56.33,0,NO
2025-01-21 04:00:00,24.54,62.89,0,NO
2025-01-21 05:00:00,24.86,70.33,0,NO
2025-01-21 06:00:00,25.39,42.48,0,NO
2025-01-21 07:00:00,26.55,41.19,0,NO
2025-01-21 08:00:00,40.34,45.92,0,NO
2025-01-21 09:00:00,35.58,77.32,1,NO
2025-01-21 10:00:00,30.6,56.76,0,YES
2025-01-21 11:00:00,37.71,89.81,0,NO
2025-01-21 12:00:00,31.85,56.98,0,NO
2025-01-21 13:00:00,24.85,62.76,1,YES
2025-01-21 14:00:00,37.49,72.34,0,NO
2025-01-21 15:00:00,33.17,81.73,0,YES
2025-01-21 16:00:00,24.46,81.85,0,NO
2025-01-21 17:00:00,28.76,73.11,0,NO
2025-01-21 18:00:00,24.94,70.14,0,YES
2025-01-21 19:00:00,23.34,66.21,0,NO
2025-01-21 20:00:00,36.03,66.13,0,NO
2025-01-21 21:00:00,38.35,54.68,0,NO
2025-01-21 22:00:00,24.74,48.79,0,NO
2025-01-21 23:00:00,33.57,63.02,0,NO
2025-01-22 00:00:00,28.04,55.16,0,NO
2025-01-22 01:00:00,27.79,51.32,0,NO
2025-01-22 02:00:00,28.16,66.33,0,NO
2025-01-22 03:00:00,23.74,71.14,1,YES
2025-01-22 04:00:00,31.52,60.26,0,NO
2025-01-22 05:00:00,24.01,72.54,0,NO
2025-01-22 06:00:00,32.91,49.16,0,NO
2025-01-22 07:00:00,31.72,56.53,1,NO
2025-01-22 08:00:00,27.98,57.16,0,NO
2025-01-22 09:00:00,24.3,45.56,0,NO
2025-01-22 10:00:00,28.18,59.2,0,NO
2025-01-22 11:00:00,32.79,57.06,0,NO
2025-01-22 12:00:00,33.97,77.51,0,NO
2025-01-22 13:00:00,23.52,61.68,0,NO
2025-01-22 14:00:00,29.0,49.51,0,NO
2025-01-22 15:00:00,35.67,76.9,1,YES
2025-01-22 16:00:00,22.35,76.42,0,YES
2025-01-22 17:00:00,34.1,60.94,0,NO
2025-01-22 18:00:00,25.98,58.26,0,NO
2025-01-22 19:00:00,33.56,52.81,0,NO
2025-01-22 20:00:00,26.56,56.13,0,YES
2025-01-22 21:00:00,21.39,66.74,0,NO
2025-01-22 22:00:00,22.59,83.57,0,YES
2025-01-22 23:00:00,30.54,75.61,1,YES
2025-01-23 00:00:00,31.01,56.25,1,YES
2025-01-23 01:00:00,24.58,46.17,0,NO
2025-01-23 02:00:00,34.27,61.24,0,NO
2025-01-23 03:00:00,20.6,41.61,1,YES
2025-01-23 04:00:00,30.44,58.98,0,NO
2025-01-23 05:00:00,22.88,54.59,1,NO
2025-01-23 06:00:00,27.24,58.71,0,NO
2025-01-23 07:00:00,31.23,41.45,0,NO
2025-01-23 08:00:00,24.57,62.09,0,NO
2025-01-23 09:00:00,26.32,54.72,0,NO
2025-01-23 10:00:00,33.56,50.99,0,NO
2025-01-23 11:00:00,27.54,26.9,0,NO
2025-01-23 12:00:00,35.58,60.49,0,NO
2025-01-23 13:00:00,22.53,73.91,0,YES
2025-01-23 14:00:00,33.59,71.98,0,NO
2025-01-23 15:00:00,36.57,50.96,1,NO
2025-01-23 16:00:00,17.56,57.32,0,NO
2025-01-23 17:00:00,27.73,60.87,0,NO
2025-01-23 18:00:00,32.21,45.47,0,NO
2025-01-23 19:00:00,28.85,62.4,0,NO
2025-01-23 20:00:00,29.91,71.1,1,YES
2025-01-23 21:00:00,25.31,69.89,0,NO
2025-01-23 22:00:00,29.47,58.22,0,YES
2025-01-23 23:00:00,27.33,53.36,0,NO
2025-01-24 00:00:00,36.36,50.71,0,NO
2025-01-24 01:00:00,30.98,52.51,0,NO
2025-01-24 02:00:00,31.88,58.44,1,YES
2025-01-24 03:00:00,26.64,62.0,0,NO
2025-01-24 04:00:00,26.75,67.29,0,YES
2025-01-24 05:00:00,28.49,48.03,0,YES
2025-01-24 06:00:00,33.83,73.59,0,NO
2025-01-24 07:00:00,26.1,53.28,0,YES
2025-01-24 08:00:00,33.01,62.45,0,YES
2025-01-24 09:00:00,40.68,57.19,0,NO
2025-01-24 10:00:00,34.61,40.46,0,NO
2025-01-24 11:00:00,28.37,72.49,0,NO
2025-01-24 12:00:00,34.28,68.38,0,NO
2025-01-24 13:00:00,26.32,59.2,0,NO
2025-01-24 14:00:00,20.21,58.52,0,NO
2025-01-24 15:00:00,24.32,66.47,1,NO
2025-01-24 16:00:00,22.32,43.93,0,NO
2025-01-24 17:00:00,27.87,54.53,0,NO
2025-01-24 18:00:00,28.67,70.52,0,NO
2025-01-24 19:00:00,39.24,45.28,0,NO
2025-01-24 20:00:00,30.81,61.12,0,YES
2025-01-24 21:00:00,29.01,50.68,0,YES
2025-01-24 22:00:00,34.94,60.23,0,YES
2025-01-24 23:00:00,20.55,59.5,0,NO
2025-01-25 00:00:00,32.35,47.98,0,NO
2025-01-25 01:00:00,34.56,72.75,0,NO
2025-01-25 02:00:00,23.33,53.12,0,NO
2025-01-25 03:00:00,37.5,49.39,0,NO
2025-01-25 04:00:00,30.88,60.44,1,YES
2025-01-25 05:00:00,25.93,75.01,0,NO
2025-01-25 06:00:00,32.25,50.43,0,NO
2025-01-25 07:00:00,40.23,60.76,0,NO
2025-01-25 08:00:00,31.56,60.28,1,YES
2025-01-25 09:00:00,31.78,62.09,0,YES
2025-01-25 10:00:00,28.08,66.4,0,YES
2025-01-25 11:00:00,23.82,55.1,0,YES
2025-01-25 12:00:00,35.07,52.76,0,NO
2025-01-25 13:00:00,25.01,56.66,0,NO
2025-01-25 14:00:00,31.02,51.11,0,NO
2025-01-25 15:00:00,27.84,35.11,0,NO
2025-01-25 16:00:00,31.77,65.12,0,NO
2025-01-25 17:00:00,30.21,65.3,1,YES
2025-01-25 18:00:00,33.57,37.19,0,YES
2025-01-25 19:00:00,28.78,52.57,0,NO
2025-01-25 20:00:00,30.32,65.26,0,NO
2025-01-25 21:00:00,25.71,84.37,0,YES
2025-01-25 22:00:00,26.19,61.69,1,YES
2025-01-25 23:00:00,31.49,56.71,0,NO
2025-01-26 00:00:00,34.7,59.41,0,NO
2025-01-26 01:00:00,26.51,70.06,0,NO
2025-01-26 02:00:00,32.82,51.64,0,NO
2025-01-26 03:00:00,34.78,49.03,0,NO
2025-01-26 04:00:00,32.92,59.26,0,YES
2025-01-26 05:00:00,38.81,53.07,0,YES
2025-01-26 06:00:00,25.15,62.99,0,YES
2025-01-26 07:00:00,21.83,74.26,0,YES
2025-01-26 08:00:00,21.27,60.07,1,NO
2025-01-26 09:00:00,38.88,60.04,0,NO
2025-01-26 10:00:00,35.1,56.82,0,YES
2025-01-26 11:00:00,29.99,41.63,0,NO
2025-01-26 12:00:00,31.46,70.0,0,YES
2025-01-26 13:00:00,22.71,54.62,0,NO
2025-01-26 14:00:00,42.42,56.46,0,YES
2025-01-26 15:00:00,30.17,91.62,0,YES
2025-01-26 16:00:00,30.98,59.47,0,NO
2025-01-26 17:00:00,33.18,57.33,0,NO
2025-01-26 18:00:00,31.37,52.83,1,YES
2025-01-26 19:00:00,29.5,67.79,0,NO
2025-01-26 20:00:00,25.31,58.17,0,YES
2025-01-26 21:00:00,30.74,48.31,0,YES
2025-01-26 22:00:00,38.12,68.45,0,YES
2025-01-26 23:00:00,38.68,53.97,0,NO
2025-01-27 00:00:00,37.74,73.94,0,YES
2025-01-27 01:00:00,27.57,66.14,0,NO
2025-01-27 02:00:00,26.55,54.99,0,NO
2025-01-27 03:00:00,31.35,75.98,0,NO
2025-01-27 04:00:00,30.61,64.53,0,NO
2025-01-27 05:00:00,36.72,64.39,1,YES
2025-01-27 06:00:00,20.85,65.23,0,YES
2025-01-27 07:00:00,36.87,55.67,0,NO
2025-01-27 08:00:00,28.82,52.44,0,NO
2025-01-27 09:00:00,28.56,73.6,0,NO
2025-01-27 10:00:00,25.67,52.99,0,YES
2025-01-27 11:00:00,20.99,60.32,0,NO
2025-01-27 12:00:00,32.65,52.96,0,YES
2025-01-27 13:00:00,30.9,68.65,0,NO
2025-01-27 14:00:00,22.06,82.39,0,NO
2025-01-27 15:00:00,23.84,47.96,0,NO
2025-01-27 16:00:00,29.09,64.62,0,YES
2025-01-27 17:00:00,39.15,71.88,0,YES
2025-01-27 18:00:00,29.72,57.53,0,NO
2025-01-27 19:00:00,23.98,66.53,1,YES
2025-01-27 20:00:00,28.77,52.03,1,NO
2025-01-27 21:00:00,29.56,68.58,0,NO
2025-01-27 22:00:00,16.99,55.18,0,NO
2025-01-27 23:00:00,28.48,72.84,0,YES
2025-01-28 00:00:00,26.95,74.26,1,YES
2025-01-28 01:00:00,32.62,81.53,1,NO
2025-01-28 02:00:00,39.02,64.67,0,NO
2025-01-28 03:00:00,36.1,61.09,0,YES
2025-01-28 04:00:00,30.06,59.99,0,NO
2025-01-28 05:00:00,23.25,61.3,0,NO
2025-01-28 06:00:00,41.37,64.81,0,NO
2025-01-28 07:00:00,32.15,59.22,1,YES
2025-01-28 08:00:00,28.5,66.45,0,YES
2025-01-28 09:00:00,29.79,71.95,0,NO
2025-01-28 10:00:00,31.33,52.95,1,YES
2025-01-28 11:00:00,29.44,70.74,0,NO
2025-01-28 12:00:00,25.48,76.87,0,NO
2025-01-28 13:00:00,25.49,55.63,0,YES
2025-01-28 14:00:00,28.26,43.26,0,NO
2025-01-28 15:00:00,27.63,51.11,0,YES
2025-01-28 16:00:00,26.61,71.23,0,NO
2025-01-28 17:00:00,29.47,62.33,0,NO
2025-01-28 18:00:00,29.28,48.94,0,NO
2025-01-28 19:00:00,38.8,56.03,0,NO
2025-01-28 20:00:00,14.91,67.85,0,YES
2025-01-28 21:00:00,35.45,67.89,0,NO
2025-01-28 22:00:00,36.99,54.89,0,NO
2025-01-28 23:00:00,18.64,51.92,0,YES
2025-01-29 00:00:00,27.52,54.08,0,NO
2025-01-29 01:00:00,28.6,50.52,0,NO
2025-01-29 02:00:00,24.55,72.83,0,YES
2025-01-29 03:00:00,27.35,55.32,0,NO
2025-01-29 04:00:00,24.78,71.17,0,YES
2025-01-29 05:00:00,39.68,70.79,1,YES
2025-01-29 06:00:00,34.14,70.82,0,YES
2025-01-29 07:00:00,36.92,59.53,0,NO
2025-01-29 08:00:00,33.47,60.55,0,NO
2025-01-29 09:00:00,23.11,60.74,0,NO
2025-01-29 10:00:00,28.18,52.61,0,NO
2025-01-29 11:00:00,32.67,62.44,0,NO
2025-01-29 12:00:00,23.32,50.22,0,NO
2025-01-29 13:00:00,35.21,70.98,0,YES
2025-01-29 14:00:00,26.88,55.4,0,NO
2025-01-29 15:00:00,27.39,57.09,0,NO
2025-01-29 16:00:00,31.78,64.75,0,NO
2025-01-29 17:00:00,33.29,59.02,1,YES
2025-01-29 18:00:00,29.0,61.25,0,NO
2025-01-29 19:00:00,35.12,53.93,0,NO
2025-01-29 20:00:00,25.3,73.5,0,NO
2025-01-29 21:00:00,32.66,45.75,0,YES
2025-01-29 22:00:00,33.99,61.28,0,NO
2025-01-29 23:00:00,28.27,83.49,0,NO
2025-01-30 00:00:00,31.28,52.17,0,NO
2025-01-30 01:00:00,25.48,54.04,0,NO
2025-01-30 02:00:00,33.62,68.12,0,YES
2025-01-30 03:00:00,27.56,65.44,0,NO
2025-01-30 04:00:00,27.72,63.08,1,NO
2025-01-30 05:00:00,37.12,64.64,0,YES
2025-01-30 06:00:00,25.99,65.21,0,NO
2025-01-30 07:00:00,21.21,75.76,0,YES
2025-01-30 08:00:00,21.57,66.07,0,NO
2025-01-30 09:00:00,33.05,53.42,0,YES
2025-01-30 10:00:00,22.25,70.36,0,NO
2025-01-30 11:00:00,39.41,78.8,0,NO
2025-01-30 12:00:00,21.58,54.36,0,NO
2025-01-30 13:00:00,38.29,50.75,0,NO
2025-01-30 14:00:00,30.47,70.24,0,NO
2025-01-30 15:00:00,29.12,62.57,1,YES
2025-01-30 16:00:00,25.74,35.31,0,YES
2025-01-30 17:00:00,33.53,71.74,0,NO
2025-01-30 18:00:00,29.47,55.22,0,YES
2025-01-30 19:00:00,35.07,54.64,0,NO
2025-01-30 20:00:00,31.21,68.04,0,NO
2025-01-30 21:00:00,30.52,62.03,0,NO
2025-01-30 22:00:00,28.77,65.0,0,NO
2025-01-30 23:00:00,27.96,55.34,0,YES
2025-01-31 00:00:00,32.79,68.71,0,NO
2025-01-31 01:00:00,23.21,55.45,0,NO
2025-01-31 02:00:00,23.85,64.31,0,NO
2025-01-31 03:00:00,35.53,62.44,0,NO
2025-01-31 04:00:00,29.46,48.62,0,YES
2025-01-31 05:00:00,28.99,73.66,0,NO
2025-01-31 06:00:00,30.5,54.36,0,NO
2025-01-31 07:00:00,32.06,65.36,0,NO
2025-01-31 08:00:00,26.91,60.33,0,NO
2025-01-31 09:00:00,25.46,76.71,0,NO
2025-01-31 10:00:00,29.49,62.16,0,NO
2025-01-31 11:00:00,24.68,54.94,0,YES
2025-01-31 12:00:00,30.69,64.69,0,NO
2025-01-31 13:00:00,22.42,56.82,0,NO
2025-01-31 14:00:00,33.98,64.79,1,NO
2025-01-31 15:00:00,30.6,47.75,1,NO
2025-01-31 16:00:00,31.49,49.07,0,NO
2025-01-31 17:00:00,35.29,51.42,0,NO
2025-01-31 18:00:00,39.82,74.34,0,NO
2025-01-31 19:00:00,35.38,72.61,0,NO
2025-01-31 20:00:00,20.18,54.92,1,NO
2025-01-31 21:00:00,24.81,60.52,0,NO
2025-01-31 22:00:00,27.04,58.52,0,YES
2025-01-31 23:00:00,28.45,68.46,1,YES
2025-02-01 00:00:00,32.85,46.12,0,NO
2025-02-01 01:00:00,28.0,57.6,0,NO
2025-02-01 02:00:00,30.52,72.5,1,NO
2025-02-01 03:00:00,25.41,61.36,0,NO
2025-02-01 04:00:00,25.52,61.57,0,NO
2025-02-01 05:00:00,21.57,71.07,0,YES
2025-02-01 06:00:00,25.11,32.25,0,NO
2025-02-01 07:00:00,23.62,62.05,0,NO
2025-02-01 08:00:00,23.44,56.29,0,NO
2025-02-01 09:00:00,37.03,36.8,1,YES
2025-02-01 10:00:00,26.27,67.73,0,NO
2025-02-01 11:00:00,43.51,77.67,0,NO
2025-02-01 12:00:00,33.78,57.95,0,NO
2025-02-01 13:00:00,29.24,69.88,0,NO
2025-02-01 14:00:00,25.62,75.89,0,NO
2025-02-01 15:00:00,34.02,72.04,0,NO
2025-02-01 16:00:00,28.44,80.27,0,YES
2025-02-01 17:00:00,31.74,71.36,0,NO
2025-02-01 18:00:00,41.91,59.11,0,YES
2025-02-01 19:00:00,31.28,45.13,0,NO
2025-02-01 20:00:00,34.24,61.81,0,NO
2025-02-01 21:00:00,27.98,56.19,0,NO
2025-02-01 22:00:00,31.71,81.8,0,YES
2025-02-01 23:00:00,37.56,57.77,0,NO
2025-02-02 00:00:00,27.75,59.02,0,NO
2025-02-02 01:00:00,37.22,70.1,0,NO
2025-02-02 02:00:00,33.16,56.86,0,NO
2025-02-02 03:00:00,27.25,77.75,0,YES
2025-02-02 04:00:00,33.48,51.6,0,NO
2025-02-02 05:00:00,36.61,59.74,0,NO
2025-02-02 06:00:00,33.8,51.62,0,NO
2025-02-02 07:00:00,22.07,51.79,0,NO
2025-02-02 08:00:00,27.6,49.43,0,YES
2025-02-02 09:00:00,30.56,60.42,0,YES
2025-02-02 10:00:00,27.72,51.53,0,NO
2025-02-02 11:00:00,35.03,49.62,0,NO
2025-02-02 12:00:00,29.23,45.33,0,NO
2025-02-02 13:00:00,24.58,59.27,0,YES
2025-02-02 14:00:00,31.02,42.54,0,YES
2025-02-02 15:00:00,31.58,65.77,0,NO
2025-02-02 16:00:00,32.56,56.69,0,NO
2025-02-02 17:00:00,35.98,43.46,0,NO
2025-02-02 18:00:00,33.69,61.57,1,YES
2025-02-02 19:00:00,30.51,56.93,0,NO
2025-02-02 20:00:00,30.05,61.54,1,YES
2025-02-02 21:00:00,23.3,74.11,0,YES
2025-02-02 22:00:00,31.68,45.34,0,NO
2025-02-02 23:00:00,29.9,56.21,0,NO
2025-02-03 00:00:00,31.13,61.51,1,YES
2025-02-03 01:00:00,21.81,71.2,0,NO
2025-02-03 02:00:00,25.88,58.05,0,NO
2025-02-03 03:00:00,36.57,49.09,0,NO
2025-02-03 04:00:00,30.15,61.42,0,NO
2025-02-03 05:00:00,32.82,52.42,0,YES
2025-02-03 06:00:00,31.34,65.9,0,NO
2025-02-03 07:00:00,30.37,57.79,0,NO
2025-02-03 08:00:00,36.0,78.51,0,NO
2025-02-03 09:00:00,27.95,61.32,0,NO
2025-02-03 10:00:00,31.62,55.25,0,YES
2025-02-03 11:00:00,28.08,49.82,0,NO
2025-02-03 12:00:00,27.48,39.84,1,YES
2025-02-03 13:00:00,30.29,44.54,0,NO
2025-02-03 14:00:00,31.28,63.0,0,NO
2025-02-03 15:00:00,28.03,64.14,0,NO
2025-02-03 16:00:00,35.16,40.88,0,NO
2025-02-03 17:00:00,26.03,73.72,0,NO
2025-02-03 18:00:00,29.35,58.7,0,NO
2025-02-03 19:00:00,26.54,61.45,0,NO
2025-02-03 20:00:00,35.47,77.15,0,YES
2025-02-03 21:00:00,31.4,66.24,0,NO
2025-02-03 22:00:00,36.21,57.75,0,NO
2025-02-03 23:00:00,22.67,53.04,0,NO
2025-02-04 00:00:00,30.24,38.63,1,YES
2025-02-04 01:00:00,35.11,57.71,0,NO
2025-02-04 02:00:00,28.73,59.0,0,NO
2025-02-04 03:00:00,35.09,48.84,0,YES
2025-02-04 04:00:00,26.07,61.41,0,NO
2025-02-04 05:00:00,35.78,57.47,0,NO
2025-02-04 06:00:00,40.3,56.6,0,YES
2025-02-04 07:00:00,27.73,51.97,0,NO
2025-02-04 08:00:00,25.98,61.0,0,NO
2025-02-04 09:00:00,36.86,67.24,0,NO
2025-02-04 10:00:00,37.94,48.94,0,NO
2025-02-04 11:00:00,27.32,77.05,0,YES
2025-02-04 12:00:00,27.43,59.78,0,NO
2025-02-04 13:00:00,29.95,58.61,0,NO
2025-02-04 14:00:00,21.86,70.18,0,NO
2025-02-04 15:00:00,25.43,59.72,0,NO
2025-02-04 16:00:00,23.23,66.78,0,NO
2025-02-04 17:00:00,24.45,62.92,0,NO
2025-02-04 18:00:00,30.12,51.48,0,YES
2025-02-04 19:00:00,31.44,58.71,0,NO
2025-02-04 20:00:00,39.26,50.05,0,NO
2025-02-04 21:00:00,25.24,61.2,1,YES
2025-02-04 22:00:00,36.76,59.12,0,NO
2025-02-04 23:00:00,27.12,62.59,0,NO
2025-02-05 00:00:00,28.14,59.43,0,NO
2025-02-05 01:00:00,31.55,44.82,0,NO
2025-02-05 02:00:00,23.13,50.91,0,YES
2025-02-05 03:00:00,32.08,61.62,1,YES
2025-02-05 04:00:00,31.41,65.28,1,NO
2025-02-05 05:00:00,30.64,50.55,0,NO
2025-02-05 06:00:00,33.23,74.84,1,NO
2025-02-05 07:00:00,43.65,50.06,1,YES
2025-02-05 08:00:00,26.0,65.62,0,NO
2025-02-05 09:00:00,25.65,63.85,0,NO
2025-02-05 10:00:00,25.56,52.48,0,NO
2025-02-05 11:00:00,25.73,81.42,0,NO
2025-02-05 12:00:00,25.31,45.5,0,NO
2025-02-05 13:00:00,36.02,73.86,0,NO
2025-02-05 14:00:00,36.09,74.59,1,YES
2025-02-05 15:00:00,26.58,50.77,0,NO
2025-02-05 16:00:00,27.8,72.41,0,YES
2025-02-05 17:00:00,33.09,61.46,0,NO
2025-02-05 18:00:00,29.03,67.55,1,YES
2025-02-05 19:00:00,31.73,62.04,1,YES
2025-02-05 20:00:00,30.54,56.87,0,NO
2025-02-05 21:00:00,22.64,68.37,0,NO
2025-02-05 22:00:00,36.04,69.81,0,YES
2025-02-05 23:00:00,37.0,40.25,0,NO
2025-02-06 00:00:00,27.62,75.41,0,NO
2025-02-06 01:00:00,28.63,38.89,0,NO
2025-02-06 02:00:00,31.07,65.82,0,YES
2025-02-06 03:00:00,31.63,70.13,0,NO
2025-02-06 04:00:00,32.95,47.63,0,NO
2025-02-06 05:00:00,38.15,54.05,0,NO
2025-02-06 06:00:00,28.46,48.85,0,NO
2025-02-06 07:00:00,24.72,56.06,0,NO
2025-02-06 08:00:00,21.5,53.84,0,NO
2025-02-06 09:00:00,28.17,65.89,0,NO
2025-02-06 10:00:00,30.23,77.85,0,YES
2025-02-06 11:00:00,39.89,73.07,0,NO
2025-02-06 12:00:00,26.67,53.83,0,NO
2025-02-06 13:00:00,30.69,58.67,0,YES
2025-02-06 14:00:00,28.87,48.0,0,NO
2025-02-06 15:00:00,34.33,49.36,0,NO
2025-02-06 16:00:00,41.35,71.46,1,YES
2025-02-06 17:00:00,28.54,78.32,0,NO
2025-02-06 18:00:00,28.26,48.73,0,NO
2025-02-06 19:00:00,35.41,49.96,1,NO
2025-02-06 20:00:00,33.31,61.5,0,NO
2025-02-06 21:00:00,40.92,58.44,0,YES
2025-02-06 22:00:00,31.21,52.87,0,NO
2025-02-06 23:00:00,27.33,66.64,0,NO
2025-02-07 00:00:00,32.35,52.37,0,NO
2025-02-07 01:00:00,36.67,63.27,0,YES
2025-02-07 02:00:00,36.07,60.77,1,YES
2025-02-07 03:00:00,31.5,63.5,1,YES
2025-02-07 04:00:00,36.83,55.24,0,NO
2025-02-07 05:00:00,37.17,56.08,0,YES
2025-02-07 06:00:00,35.81,55.45,0,NO
2025-02-07 07:00:00,32.84,60.83,1,YES
2025-02-07 08:00:00,28.8,53.14,1,YES
2025-02-07 09:00:00,32.65,72.98,0,NO
2025-02-07 10:00:00,34.76,64.09,0,NO
2025-02-07 11:00:00,27.11,58.25,0,NO
2025-02-07 12:00:00,31.18,67.42,0,YES
2025-02-07 13:00:00,28.96,52.92,0,NO
2025-02-07 14:00:00,29.82,69.63,0,NO
2025-02-07 15:00:00,36.71,61.08,0,NO
2025-02-07 16:00:00,32.29,56.06,0,NO
2025-02-07 17:00:00,31.45,63.59,0,NO
2025-02-07 18:00:00,24.67,46.33,1,NO
2025-02-07 19:00:00,31.97,45.91,0,YES
2025-02-07 20:00:00,34.0,46.73,0,NO
2025-02-07 21:00:00,39.38,60.34,0,NO
2025-02-07 22:00:00,28.12,82.09,0,YES
2025-02-07 23:00:00,31.29,86.86,0,YES
2025-02-08 00:00:00,30.86,69.38,0,NO
2025-02-08 01:00:00,37.97,62.43,0,NO
2025-02-08 02:00:00,31.51,37.67,0,NO
2025-02-08 03:00:00,29.94,52.74,0,NO
2025-02-08 04:00:00,33.74,49.79,0,NO
2025-02-08 05:00:00,30.52,53.85,0,YES
2025-02-08 06:00:00,26.3,61.1,0,NO
2025-02-08 07:00:00,29.61,58.86,0,YES
2025-02-08 08:00:00,37.17,43.66,0,NO
2025-02-08 09:00:00,26.39,66.08,0,NO
2025-02-08 10:00:00,32.29,51.14,0,NO
2025-02-08 11:00:00,28.47,60.52,0,NO
2025-02-08 12:00:00,34.81,76.35,0,NO
2025-02-08 13:00:00,21.81,52.82,0,NO
2025-02-08 14:00:00,27.88,29.8,0,NO
2025-02-08 15:00:00,31.82,56.23,0,NO
2025-02-08 16:00:00,37.5,69.3,1,YES
2025-02-08 17:00:00,29.1,81.52,0,YES
2025-02-08 18:00:00,27.6,50.37,0,NO
2025-02-08 19:00:00,39.71,63.01,0,YES
2025-02-08 20:00:00,21.41,58.46,0,NO
2025-02-08 21:00:00,18.89,56.88,0,NO
2025-02-08 22:00:00,32.41,85.91,0,YES
2025-02-08 23:00:00,27.77,47.24,1,YES
2025-02-09 00:00:00,23.73,64.47,0,YES
2025-02-09 01:00:00,34.51,69.55,0,NO
2025-02-09 02:00:00,29.32,68.11,0,NO
2025-02-09 03:00:00,26.6,62.6,0,NO
2025-02-09 04:00:00,24.72,64.18,0,NO
2025-02-09 05:00:00,34.62,60.23,0,NO
2025-02-09 06:00:00,32.3,59.25,0,NO
2025-02-09 07:00:00,30.28,59.09,0,NO
2025-02-09 08:00:00,39.5,66.9,1,YES
2025-02-09 09:00:00,25.83,54.05,1,YES
2025-02-09 10:00:00,23.31,63.52,0,NO
2025-02-09 11:00:00,26.98,58.05,0,YES
2025-02-09 12:00:00,29.72,72.05,1,YES
2025-02-09 13:00:00,29.75,63.38,1,YES
2025-02-09 14:00:00,27.84,42.96,0,NO
2025-02-09 15:00:00,31.44,73.94,0,NO
2025-02-09 16:00:00,24.14,51.13,0,NO
2025-02-09 17:00:00,37.27,48.97,0,YES
2025-02-09 18:00:00,28.74,51.37,1,YES
2025-02-09 19:00:00,33.61,73.66,0,YES
2025-02-09 20:00:00,31.7,36.75,1,YES
2025-02-09 21:00:00,31.43,88.2,0,NO
2025-02-09 22:00:00,33.79,70.6,1,NO
2025-02-09 23:00:00,30.33,60.46,0,NO
2025-02-10 00:00:00,33.55,57.03,0,NO
2025-02-10 01:00:00,38.41,62.5,0,NO
2025-02-10 02:00:00,29.68,61.54,0,YES
2025-02-10 03:00:00,33.43,70.73,0,NO
2025-02-10 04:00:00,27.92,69.23,1,NO
2025-02-10 05:00:00,37.7,62.97,0,NO
2025-02-10 06:00:00,26.82,54.09,1,YES
2025-02-10 07:00:00,38.63,61.25,1,YES
2025-02-10 08:00:00,29.88,61.13,0,NO
2025-02-10 09:00:00,24.43,74.02,0,NO
2025-02-10 10:00:00,29.43,62.08,0,NO
2025-02-10 11:00:00,24.68,32.04,0,YES
2025-02-10 12:00:00,35.65,69.9,0,NO
2025-02-10 13:00:00,27.05,62.72,0,NO
2025-02-10 14:00:00,29.33,61.28,0,NO
2025-02-10 15:00:00,20.94,55.7,0,YES
2025-02-10 16:00:00,28.98,71.53,0,YES
2025-02-10 17:00:00,17.6,64.82,0,NO
2025-02-10 18:00:00,23.08,53.66,1,YES
2025-02-10 19:00:00,35.45,59.88,0,NO
2025-02-10 20:00:00,34.22,49.63,1,YES
2025-02-10 21:00:00,30.85,44.13,0,NO
2025-02-10 22:00:00,24.24,54.19,0,NO
2025-02-10 23:00:00,28.56,64.96,0,NO
2025-02-11 00:00:00,28.97,71.45,0,NO
2025-02-11 01:00:00,23.43,68.08,0,YES
2025-02-11 02:00:00,37.74,63.88,0,YES
2025-02-11 03:00:00,34.74,61.2,0,NO
2025-02-11 04:00:00,28.6,50.04,0,NO
2025-02-11 05:00:00,30.6,68.09,0,NO
2025-02-11 06:00:00,29.37,68.29,0,NO
2025-02-11 07:00:00,18.14,67.22,0,NO
2025-02-11 08:00:00,27.45,67.96,0,YES
2025-02-11 09:00:00,26.66,68.58,0,NO
2025-02-11 10:00:00,23.85,67.19,0,NO
2025-02-11 11:00:00,27.73,73.98,0,NO
2025-02-11 12:00:00,38.59,61.0,1,YES
2025-02-11 13:00:00,34.45,46.93,0,YES
2025-02-11 14:00:00,25.2,54.49,0,NO
2025-02-11 15:00:00,33.46,48.04,0,NO
